what,kind,bundleId,bundleVersion,description,time
opened,editor,org.eclipse.wst.xml.ui,1.1.202.v201112071516,"org.eclipse.wst.xml.ui.internal.tabletree.XMLMultiPageEditorPart",1476240753412
activated,editor,org.eclipse.wst.xml.ui,1.1.202.v201112071516,"org.eclipse.wst.xml.ui.internal.tabletree.XMLMultiPageEditorPart",1476240753450
activated,workbench,org.eclipse.ui.workbench,3.7.1.v20120104-1859,"",1476240753514
executed,command,org.eclipse.ui,3.7.0.v20110928-1505,"org.eclipse.ui.newWizard",1476240753536
deactivated,workbench,org.eclipse.ui.workbench,3.7.1.v20120104-1859,"",1476240758885
activated,workbench,org.eclipse.ui.workbench,3.7.1.v20120104-1859,"",1476240781811
deactivated,workbench,org.eclipse.ui.workbench,3.7.1.v20120104-1859,"",1476240785329
activated,workbench,org.eclipse.ui.workbench,3.7.1.v20120104-1859,"",1476240788493
executed,command,org.eclipse.ui,3.7.0.v20110928-1505,"org.eclipse.ui.edit.paste",1476240792549
deactivated,workbench,org.eclipse.ui.workbench,3.7.1.v20120104-1859,"",1476240863808
activated,workbench,org.eclipse.ui.workbench,3.7.1.v20120104-1859,"",1476240875818
executed,command,org.eclipse.ui,3.7.0.v20110928-1505,"org.eclipse.ui.edit.paste",1476240877552
started,bundle,org.eclipse.wst.css.ui,1.0.601.v201201101544,"org.eclipse.wst.css.ui",1476240915316
started,bundle,org.eclipse.jpt.jpa.ui,3.0.2.v201201243020,"org.eclipse.jpt.jpa.ui",1476240915401
executed,command,org.eclipse.ui,3.7.0.v20110928-1505,"org.eclipse.ui.file.save",1476240946684
deactivated,workbench,org.eclipse.ui.workbench,3.7.1.v20120104-1859,"",1476240956061
activated,workbench,org.eclipse.ui.workbench,3.7.1.v20120104-1859,"",1476241028178
deactivated,workbench,org.eclipse.ui.workbench,3.7.1.v20120104-1859,"",1476241041934
activated,workbench,org.eclipse.ui.workbench,3.7.1.v20120104-1859,"",1476241048294
deactivated,workbench,org.eclipse.ui.workbench,3.7.1.v20120104-1859,"",1476241055946
activated,workbench,org.eclipse.ui.workbench,3.7.1.v20120104-1859,"",1476241066518
deactivated,workbench,org.eclipse.ui.workbench,3.7.1.v20120104-1859,"",1476241078389
activated,workbench,org.eclipse.ui.workbench,3.7.1.v20120104-1859,"",1476241085902
deactivated,workbench,org.eclipse.ui.workbench,3.7.1.v20120104-1859,"",1476241093078
deactivated,workbench,org.eclipse.ui.workbench,3.7.1.v20120104-1859,"",1476241100520
activated,workbench,org.eclipse.ui.workbench,3.7.1.v20120104-1859,"",1476241100950
deactivated,workbench,org.eclipse.ui.workbench,3.7.1.v20120104-1859,"",1476241120351
activated,workbench,org.eclipse.ui.workbench,3.7.1.v20120104-1859,"",1476241130980
executed,command,org.eclipse.ui,3.7.0.v20110928-1505,"org.eclipse.ui.edit.paste",1476241137697
deactivated,workbench,org.eclipse.ui.workbench,3.7.1.v20120104-1859,"",1476241170511
activated,workbench,org.eclipse.ui.workbench,3.7.1.v20120104-1859,"",1476241214778
activated,view,org.eclipse.ui.navigator.resources,3.4.300.v20110928-1505,"org.eclipse.ui.navigator.ProjectExplorer",1476241217389
deactivated,workbench,org.eclipse.ui.workbench,3.7.1.v20120104-1859,"",1476241220400
activated,workbench,org.eclipse.ui.workbench,3.7.1.v20120104-1859,"",1476241246479
deactivated,workbench,org.eclipse.ui.workbench,3.7.1.v20120104-1859,"",1476241252152
executed,command,org.eclipse.ui,3.7.0.v20110928-1505,"org.eclipse.ui.edit.paste",1476241270118
started,bundle,org.eclipse.mylyn.ide.ui,3.6.0.v20110608-1400,"org.eclipse.mylyn.ide.ui",1476241308819
activated,workbench,org.eclipse.ui.workbench,3.7.1.v20120104-1859,"",1476241309675
started,bundle,org.eclipse.mylyn.resources.ui,3.6.0.v20110608-1400,"org.eclipse.mylyn.resources.ui",1476241309717
opened,editor,org.eclipse.jdt.ui,3.7.2.v20120109-1427,"org.eclipse.jdt.ui.CompilationUnitEditor",1476241310059
activated,editor,org.eclipse.jdt.ui,3.7.2.v20120109-1427,"org.eclipse.jdt.ui.CompilationUnitEditor",1476241310318
deactivated,workbench,org.eclipse.ui.workbench,3.7.1.v20120104-1859,"",1476241316325
activated,workbench,org.eclipse.ui.workbench,3.7.1.v20120104-1859,"",1476241347010
deactivated,workbench,org.eclipse.ui.workbench,3.7.1.v20120104-1859,"",1476241352348
activated,workbench,org.eclipse.ui.workbench,3.7.1.v20120104-1859,"",1476241395228
executed,command,org.eclipse.ui,3.7.0.v20110928-1505,"org.eclipse.ui.edit.paste",1476241403948
started,bundle,org.eclipse.jdt.junit,3.7.0.v20110928-1453,"org.eclipse.jdt.junit",1476241404909
started,bundle,org.eclipse.pde.launching,3.6.0.v20110506,"org.eclipse.pde.launching",1476241468738
started,bundle,org.eclipse.ui.views.log,1.0.200.v20110404,"org.eclipse.ui.views.log",1476241468741
started,bundle,org.eclipse.pde.ui,3.6.100.v20120103_r372,"org.eclipse.pde.ui",1476241468751
executed,command,org.eclipse.ui.ide,3.7.0.v20110928-1505,"org.eclipse.jdt.ui.edit.text.java.correction.assist.proposals",1476241473438
deactivated,workbench,org.eclipse.ui.workbench,3.7.1.v20120104-1859,"",1476241479036
activated,workbench,org.eclipse.ui.workbench,3.7.1.v20120104-1859,"",1476241484016
deactivated,workbench,org.eclipse.ui.workbench,3.7.1.v20120104-1859,"",1476241490981
activated,workbench,org.eclipse.ui.workbench,3.7.1.v20120104-1859,"",1476241501777
executed,command,org.eclipse.ui.ide,3.7.0.v20110928-1505,"org.eclipse.jdt.ui.edit.text.java.correction.assist.proposals",1476241504975
deactivated,workbench,org.eclipse.ui.workbench,3.7.1.v20120104-1859,"",1476241506874
activated,workbench,org.eclipse.ui.workbench,3.7.1.v20120104-1859,"",1476241507986
executed,command,org.eclipse.ui.ide,3.7.0.v20110928-1505,"org.eclipse.jdt.ui.edit.text.java.correction.assist.proposals",1476241519093
deactivated,workbench,org.eclipse.ui.workbench,3.7.1.v20120104-1859,"",1476241521153
activated,workbench,org.eclipse.ui.workbench,3.7.1.v20120104-1859,"",1476241523319
executed,command,org.eclipse.ui.ide,3.7.0.v20110928-1505,"org.eclipse.jdt.ui.edit.text.java.correction.assist.proposals",1476241531053
deactivated,workbench,org.eclipse.ui.workbench,3.7.1.v20120104-1859,"",1476241532083
activated,workbench,org.eclipse.ui.workbench,3.7.1.v20120104-1859,"",1476241532954
executed,command,org.eclipse.ui.ide,3.7.0.v20110928-1505,"org.eclipse.jdt.ui.edit.text.java.correction.assist.proposals",1476241537752
deactivated,workbench,org.eclipse.ui.workbench,3.7.1.v20120104-1859,"",1476241539459
activated,workbench,org.eclipse.ui.workbench,3.7.1.v20120104-1859,"",1476241540441
executed,command,org.eclipse.ui.ide,3.7.0.v20110928-1505,"org.eclipse.jdt.ui.edit.text.java.correction.assist.proposals",1476241543563
deactivated,workbench,org.eclipse.ui.workbench,3.7.1.v20120104-1859,"",1476241544250
activated,workbench,org.eclipse.ui.workbench,3.7.1.v20120104-1859,"",1476241545157
executed,command,org.eclipse.ui.ide,3.7.0.v20110928-1505,"org.eclipse.jdt.ui.edit.text.java.correction.assist.proposals",1476241552103
deactivated,workbench,org.eclipse.ui.workbench,3.7.1.v20120104-1859,"",1476241553918
activated,workbench,org.eclipse.ui.workbench,3.7.1.v20120104-1859,"",1476241555491
deactivated,workbench,org.eclipse.ui.workbench,3.7.1.v20120104-1859,"",1476241559044
activated,workbench,org.eclipse.ui.workbench,3.7.1.v20120104-1859,"",1476241562142
executed,command,org.eclipse.ui.ide,3.7.0.v20110928-1505,"org.eclipse.jdt.ui.edit.text.java.correction.assist.proposals",1476241567004
deactivated,workbench,org.eclipse.ui.workbench,3.7.1.v20120104-1859,"",1476241568235
activated,workbench,org.eclipse.ui.workbench,3.7.1.v20120104-1859,"",1476241569512
executed,command,org.eclipse.ui.ide,3.7.0.v20110928-1505,"org.eclipse.jdt.ui.edit.text.java.correction.assist.proposals",1476241579670
deactivated,workbench,org.eclipse.ui.workbench,3.7.1.v20120104-1859,"",1476241580866
activated,workbench,org.eclipse.ui.workbench,3.7.1.v20120104-1859,"",1476241581802
executed,command,org.eclipse.ui.ide,3.7.0.v20110928-1505,"org.eclipse.jdt.ui.edit.text.java.correction.assist.proposals",1476241584482
deactivated,workbench,org.eclipse.ui.workbench,3.7.1.v20120104-1859,"",1476241585211
activated,workbench,org.eclipse.ui.workbench,3.7.1.v20120104-1859,"",1476241586093
executed,command,org.eclipse.ui.ide,3.7.0.v20110928-1505,"org.eclipse.jdt.ui.edit.text.java.correction.assist.proposals",1476241588527
deactivated,workbench,org.eclipse.ui.workbench,3.7.1.v20120104-1859,"",1476241589651
activated,workbench,org.eclipse.ui.workbench,3.7.1.v20120104-1859,"",1476241591439
executed,command,org.eclipse.ui.ide,3.7.0.v20110928-1505,"org.eclipse.jdt.ui.edit.text.java.correction.assist.proposals",1476241597333
deactivated,workbench,org.eclipse.ui.workbench,3.7.1.v20120104-1859,"",1476241600091
activated,workbench,org.eclipse.ui.workbench,3.7.1.v20120104-1859,"",1476241601741
deactivated,workbench,org.eclipse.ui.workbench,3.7.1.v20120104-1859,"",1476241613537
activated,workbench,org.eclipse.ui.workbench,3.7.1.v20120104-1859,"",1476241694800
activated,view,org.eclipse.ui.navigator.resources,3.4.300.v20110928-1505,"org.eclipse.ui.navigator.ProjectExplorer",1476241697444
executed,command,org.eclipse.ui,3.7.0.v20110928-1505,"org.eclipse.ui.edit.paste",1476241699550
activated,editor,org.eclipse.jdt.ui,3.7.2.v20120109-1427,"org.eclipse.jdt.ui.CompilationUnitEditor",1476241705842
executed,command,org.eclipse.ui.ide,3.7.0.v20110928-1505,"org.eclipse.jdt.ui.edit.text.java.correction.assist.proposals",1476241731923
deactivated,workbench,org.eclipse.ui.workbench,3.7.1.v20120104-1859,"",1476241733760
activated,workbench,org.eclipse.ui.workbench,3.7.1.v20120104-1859,"",1476241735925
executed,command,org.eclipse.ui.ide,3.7.0.v20110928-1505,"org.eclipse.jdt.ui.edit.text.java.correction.assist.proposals",1476241738828
deactivated,workbench,org.eclipse.ui.workbench,3.7.1.v20120104-1859,"",1476241740005
activated,workbench,org.eclipse.ui.workbench,3.7.1.v20120104-1859,"",1476241740997
executed,command,org.eclipse.ui.ide,3.7.0.v20110928-1505,"org.eclipse.jdt.ui.edit.text.java.correction.assist.proposals",1476241745599
deactivated,workbench,org.eclipse.ui.workbench,3.7.1.v20120104-1859,"",1476241747776
activated,workbench,org.eclipse.ui.workbench,3.7.1.v20120104-1859,"",1476241749789
executed,command,org.eclipse.ui.ide,3.7.0.v20110928-1505,"org.eclipse.jdt.ui.edit.text.java.correction.assist.proposals",1476241753605
deactivated,workbench,org.eclipse.ui.workbench,3.7.1.v20120104-1859,"",1476241754243
activated,workbench,org.eclipse.ui.workbench,3.7.1.v20120104-1859,"",1476241755042
executed,command,org.eclipse.ui.ide,3.7.0.v20110928-1505,"org.eclipse.jdt.ui.edit.text.java.correction.assist.proposals",1476241760688
deactivated,workbench,org.eclipse.ui.workbench,3.7.1.v20120104-1859,"",1476241761491
activated,workbench,org.eclipse.ui.workbench,3.7.1.v20120104-1859,"",1476241762395
executed,command,org.eclipse.ui.ide,3.7.0.v20110928-1505,"org.eclipse.jdt.ui.edit.text.java.correction.assist.proposals",1476241765632
deactivated,workbench,org.eclipse.ui.workbench,3.7.1.v20120104-1859,"",1476241766464
activated,workbench,org.eclipse.ui.workbench,3.7.1.v20120104-1859,"",1476241767284
executed,command,org.eclipse.ui.ide,3.7.0.v20110928-1505,"org.eclipse.jdt.ui.edit.text.java.correction.assist.proposals",1476241771709
deactivated,workbench,org.eclipse.ui.workbench,3.7.1.v20120104-1859,"",1476241772568
activated,workbench,org.eclipse.ui.workbench,3.7.1.v20120104-1859,"",1476241773716
executed,command,org.eclipse.ui.ide,3.7.0.v20110928-1505,"org.eclipse.jdt.ui.edit.text.java.correction.assist.proposals",1476241780903
deactivated,workbench,org.eclipse.ui.workbench,3.7.1.v20120104-1859,"",1476241782942
activated,workbench,org.eclipse.ui.workbench,3.7.1.v20120104-1859,"",1476241784319
executed,command,org.eclipse.ui.ide,3.7.0.v20110928-1505,"org.eclipse.jdt.ui.edit.text.java.correction.assist.proposals",1476241790035
deactivated,workbench,org.eclipse.ui.workbench,3.7.1.v20120104-1859,"",1476241790989
activated,workbench,org.eclipse.ui.workbench,3.7.1.v20120104-1859,"",1476241792147
executed,command,org.eclipse.ui,3.7.0.v20110928-1505,"org.eclipse.ui.edit.undo",1476241815909
executed,command,org.eclipse.ui,3.7.0.v20110928-1505,"org.eclipse.ui.edit.undo",1476241818198
deactivated,workbench,org.eclipse.ui.workbench,3.7.1.v20120104-1859,"",1476241831433
activated,workbench,org.eclipse.ui.workbench,3.7.1.v20120104-1859,"",1476241870079
deactivated,workbench,org.eclipse.ui.workbench,3.7.1.v20120104-1859,"",1476241878323
activated,workbench,org.eclipse.ui.workbench,3.7.1.v20120104-1859,"",1476241882357
executed,command,org.eclipse.ui,3.7.0.v20110928-1505,"org.eclipse.ui.edit.cut",1476241911390
executed,command,org.eclipse.ui,3.7.0.v20110928-1505,"org.eclipse.ui.edit.paste",1476241914186
activated,editor,org.eclipse.wst.xml.ui,1.1.202.v201112071516,"org.eclipse.wst.xml.ui.internal.tabletree.XMLMultiPageEditorPart",1476242032031
executed,command,org.eclipse.ui,3.7.0.v20110928-1505,"org.eclipse.ui.file.saveAll",1476242037122
activated,editor,org.eclipse.wst.xml.ui,1.1.202.v201112071516,"org.eclipse.wst.xml.ui.internal.tabletree.XMLMultiPageEditorPart",1476242039611
activated,editor,org.eclipse.jdt.ui,3.7.2.v20120109-1427,"org.eclipse.jdt.ui.CompilationUnitEditor",1476242041753
deactivated,workbench,org.eclipse.ui.workbench,3.7.1.v20120104-1859,"",1476242046575
activated,workbench,org.eclipse.ui.workbench,3.7.1.v20120104-1859,"",1476242119224
activated,editor,org.eclipse.wst.xml.ui,1.1.202.v201112071516,"org.eclipse.wst.xml.ui.internal.tabletree.XMLMultiPageEditorPart",1476242120355
executed,command,org.eclipse.ui,3.7.0.v20110928-1505,"org.eclipse.ui.edit.paste",1476242124411
executed,command,org.eclipse.ui,3.7.0.v20110928-1505,"org.eclipse.ui.file.save",1476242159638
executed,command,org.eclipse.wst.sse.ui,1.3.2.v201201041522,"org.eclipse.wst.sse.ui.add.block.comment",1476242166645
executed,command,org.eclipse.ui,3.7.0.v20110928-1505,"org.eclipse.ui.file.save",1476242203428
deactivated,workbench,org.eclipse.ui.workbench,3.7.1.v20120104-1859,"",1476242208620
activated,workbench,org.eclipse.ui.workbench,3.7.1.v20120104-1859,"",1476242217532
executed,command,org.eclipse.ui,3.7.0.v20110928-1505,"org.eclipse.ui.file.save",1476242226944
deactivated,workbench,org.eclipse.ui.workbench,3.7.1.v20120104-1859,"",1476242236747
activated,workbench,org.eclipse.ui.workbench,3.7.1.v20120104-1859,"",1476242352251
executed,command,org.eclipse.wst.sse.ui,1.3.2.v201201041522,"org.eclipse.wst.sse.ui.add.block.comment",1476242362400
deactivated,workbench,org.eclipse.ui.workbench,3.7.1.v20120104-1859,"",1476242368206
activated,workbench,org.eclipse.ui.workbench,3.7.1.v20120104-1859,"",1476242391250
deactivated,workbench,org.eclipse.ui.workbench,3.7.1.v20120104-1859,"",1476242408926
activated,workbench,org.eclipse.ui.workbench,3.7.1.v20120104-1859,"",1476242418099
executed,command,org.eclipse.ui,3.7.0.v20110928-1505,"org.eclipse.ui.edit.paste",1476242420105
started,bundle,org.eclipse.mylyn.java.tasks,3.6.0.v20110608-1400,"org.eclipse.mylyn.java.tasks",1476242420555
executed,command,org.eclipse.ui,3.7.0.v20110928-1505,"org.eclipse.ui.edit.undo",1476242451405
deactivated,workbench,org.eclipse.ui.workbench,3.7.1.v20120104-1859,"",1476242464174
activated,workbench,org.eclipse.ui.workbench,3.7.1.v20120104-1859,"",1476242468587
executed,command,org.eclipse.ui,3.7.0.v20110928-1505,"org.eclipse.ui.edit.text.contentAssist.proposals",1476242472571
deactivated,workbench,org.eclipse.ui.workbench,3.7.1.v20120104-1859,"",1476242490166
activated,workbench,org.eclipse.ui.workbench,3.7.1.v20120104-1859,"",1476242493768
deactivated,workbench,org.eclipse.ui.workbench,3.7.1.v20120104-1859,"",1476242521614
activated,workbench,org.eclipse.ui.workbench,3.7.1.v20120104-1859,"",1476242586757
deactivated,workbench,org.eclipse.ui.workbench,3.7.1.v20120104-1859,"",1476242601127
activated,workbench,org.eclipse.ui.workbench,3.7.1.v20120104-1859,"",1476242605066
executed,command,org.eclipse.wst.sse.ui,1.3.2.v201201041522,"org.eclipse.wst.sse.ui.add.block.comment",1476242617366
deactivated,workbench,org.eclipse.ui.workbench,3.7.1.v20120104-1859,"",1476242628646
activated,workbench,org.eclipse.ui.workbench,3.7.1.v20120104-1859,"",1476242645064
executed,command,org.eclipse.ui,3.7.0.v20110928-1505,"org.eclipse.ui.edit.paste",1476242646869
executed,command,org.eclipse.ui,3.7.0.v20110928-1505,"org.eclipse.ui.file.save",1476242651121
deactivated,workbench,org.eclipse.ui.workbench,3.7.1.v20120104-1859,"",1476242676227
activated,workbench,org.eclipse.ui.workbench,3.7.1.v20120104-1859,"",1476242775895
executed,command,org.eclipse.ui,3.7.0.v20110928-1505,"org.eclipse.ui.edit.paste",1476242789941
executed,command,org.eclipse.ui,3.7.0.v20110928-1505,"org.eclipse.ui.file.save",1476242900325
executed,command,org.eclipse.wst.sse.ui,1.3.2.v201201041522,"org.eclipse.wst.sse.ui.add.block.comment",1476242906865
executed,command,org.eclipse.ui,3.7.0.v20110928-1505,"org.eclipse.ui.file.save",1476242920734
activated,editor,org.eclipse.jdt.ui,3.7.2.v20120109-1427,"org.eclipse.jdt.ui.CompilationUnitEditor",1476242929963
activated,editor,org.eclipse.wst.xml.ui,1.1.202.v201112071516,"org.eclipse.wst.xml.ui.internal.tabletree.XMLMultiPageEditorPart",1476242934795
activated,editor,org.eclipse.wst.xml.ui,1.1.202.v201112071516,"org.eclipse.wst.xml.ui.internal.tabletree.XMLMultiPageEditorPart",1476242935608
activated,view,org.eclipse.ui.navigator.resources,3.4.300.v20110928-1505,"org.eclipse.ui.navigator.ProjectExplorer",1476242942697
started,bundle,org.eclipse.wst.html.core,1.1.502.v201202091936,"org.eclipse.wst.html.core",1476242945750
started,bundle,org.eclipse.wst.css.core,1.1.501.v201111292150,"org.eclipse.wst.css.core",1476242945847
started,bundle,org.eclipse.wst.jsdt.web.ui,1.0.401.v201108152113,"org.eclipse.wst.jsdt.web.ui",1476242945860
started,bundle,org.eclipse.wst.jsdt.web.core,1.0.401.v201108152113,"org.eclipse.wst.jsdt.web.core",1476242946009
deactivated,workbench,org.eclipse.ui.workbench,3.7.1.v20120104-1859,"",1476242946247
activated,workbench,org.eclipse.ui.workbench,3.7.1.v20120104-1859,"",1476242954513
started,bundle,org.eclipse.wst.jsdt.web.support.jsp,1.0.400.v201102241833,"org.eclipse.wst.jsdt.web.support.jsp",1476242954625
opened,editor,org.eclipse.jst.jsp.ui,1.1.602.v201112071516,"org.eclipse.jst.jsp.core.jspsource.source",1476242954827
started,bundle,org.eclipse.wst.jsdt.debug.ui,1.0.101.v201201112313,"org.eclipse.wst.jsdt.debug.ui",1476242954960
activated,editor,org.eclipse.jst.jsp.ui,1.1.602.v201112071516,"org.eclipse.jst.jsp.core.jspsource.source",1476242954965
started,bundle,org.eclipse.jst.jsf.facelet.ui,1.0.1.v201104032306,"org.eclipse.jst.jsf.facelet.ui",1476242964556
started,bundle,org.eclipse.jst.jsf.ui,1.3.2.v201104251204,"org.eclipse.jst.jsf.ui",1476242964559
deactivated,workbench,org.eclipse.ui.workbench,3.7.1.v20120104-1859,"",1476242969145
executed,command,org.eclipse.ui,3.7.0.v20110928-1505,"org.eclipse.ui.edit.findReplace",1476242969167
activated,workbench,org.eclipse.ui.workbench,3.7.1.v20120104-1859,"",1476242992343
executed,command,org.eclipse.ui,3.7.0.v20110928-1505,"org.eclipse.ui.file.save",1476243009494
started,bundle,org.eclipse.jst.jsf.facelet.core,1.0.100.v201104191527,"org.eclipse.jst.jsf.facelet.core",1476243016756
deactivated,workbench,org.eclipse.ui.workbench,3.7.1.v20120104-1859,"",1476243033486
activated,workbench,org.eclipse.ui.workbench,3.7.1.v20120104-1859,"",1476243048602
executed,command,org.eclipse.ui,3.7.0.v20110928-1505,"org.eclipse.ui.file.save",1476243053787
opened,view,org.eclipse.wst.server.ui,1.3.0.v20120210_1439,"org.eclipse.wst.server.ui.ServersView",1476243057676
activated,view,org.eclipse.wst.server.ui,1.3.0.v20120210_1439,"org.eclipse.wst.server.ui.ServersView",1476243057695
deactivated,workbench,org.eclipse.ui.workbench,3.7.1.v20120104-1859,"",1476243059363
activated,workbench,org.eclipse.ui.workbench,3.7.1.v20120104-1859,"",1476243070379
executed,command,org.eclipse.wst.server.ui,1.3.0.v20120210_1439,"org.eclipse.wst.server.run",1476243074114
opened,view,org.eclipse.ui.console,3.5.100.v20111007_r372,"org.eclipse.ui.console.ConsoleView",1476243075488
activated,view,org.eclipse.ui.console,3.5.100.v20111007_r372,"org.eclipse.ui.console.ConsoleView",1476243075511
activated,view,org.eclipse.wst.server.ui,1.3.0.v20120210_1439,"org.eclipse.wst.server.ui.ServersView",1476243076930
activated,view,org.eclipse.ui.navigator.resources,3.4.300.v20110928-1505,"org.eclipse.ui.navigator.ProjectExplorer",1476243086457
deactivated,workbench,org.eclipse.ui.workbench,3.7.1.v20120104-1859,"",1476243093461
activated,workbench,org.eclipse.ui.workbench,3.7.1.v20120104-1859,"",1476243152861
activated,editor,org.eclipse.jst.jsp.ui,1.1.602.v201112071516,"org.eclipse.jst.jsp.core.jspsource.source",1476243153748
activated,view,org.eclipse.ui.navigator.resources,3.4.300.v20110928-1505,"org.eclipse.ui.navigator.ProjectExplorer",1476243163803
activated,editor,org.eclipse.jst.jsp.ui,1.1.602.v201112071516,"org.eclipse.jst.jsp.core.jspsource.source",1476243174457
activated,view,org.eclipse.ui.navigator.resources,3.4.300.v20110928-1505,"org.eclipse.ui.navigator.ProjectExplorer",1476243176816
started,bundle,org.eclipse.wst.ws.service.policy.ui,1.0.300.v201108240515,"org.eclipse.wst.ws.service.policy.ui",1476243176982
started,bundle,org.eclipse.wst.ws.service.policy,1.0.303.v201009221810,"org.eclipse.wst.ws.service.policy",1476243176987
started,bundle,org.eclipse.wst.command.env,1.0.409.v201004211805,"org.eclipse.wst.command.env",1476243177027
started,bundle,org.eclipse.wst.ws,1.1.203.v201004211805,"org.eclipse.wst.ws",1476243177027
deactivated,workbench,org.eclipse.ui.workbench,3.7.1.v20120104-1859,"",1476243180616
activated,workbench,org.eclipse.ui.workbench,3.7.1.v20120104-1859,"",1476243184220
activated,editor,org.eclipse.jst.jsp.ui,1.1.602.v201112071516,"org.eclipse.jst.jsp.core.jspsource.source",1476243186247
activated,editor,org.eclipse.wst.xml.ui,1.1.202.v201112071516,"org.eclipse.wst.xml.ui.internal.tabletree.XMLMultiPageEditorPart",1476243188142
closed,editor,org.eclipse.jst.jsp.ui,1.1.602.v201112071516,"org.eclipse.jst.jsp.core.jspsource.source",1476243188142
activated,editor,org.eclipse.jdt.ui,3.7.2.v20120109-1427,"org.eclipse.jdt.ui.CompilationUnitEditor",1476243200639
deactivated,workbench,org.eclipse.ui.workbench,3.7.1.v20120104-1859,"",1476243219829
activated,workbench,org.eclipse.ui.workbench,3.7.1.v20120104-1859,"",1476243261784
activated,view,org.eclipse.ui.navigator.resources,3.4.300.v20110928-1505,"org.eclipse.ui.navigator.ProjectExplorer",1476243270118
deactivated,workbench,org.eclipse.ui.workbench,3.7.1.v20120104-1859,"",1476243272645
activated,workbench,org.eclipse.ui.workbench,3.7.1.v20120104-1859,"",1476243279703
deactivated,workbench,org.eclipse.ui.workbench,3.7.1.v20120104-1859,"",1476243285361
executed,command,org.eclipse.ui,3.7.0.v20110928-1505,"org.eclipse.ui.edit.paste",1476243306131
activated,workbench,org.eclipse.ui.workbench,3.7.1.v20120104-1859,"",1476243308463
opened,editor,org.eclipse.jdt.ui,3.7.2.v20120109-1427,"org.eclipse.jdt.ui.CompilationUnitEditor",1476243308567
activated,editor,org.eclipse.jdt.ui,3.7.2.v20120109-1427,"org.eclipse.jdt.ui.CompilationUnitEditor",1476243308655
deactivated,workbench,org.eclipse.ui.workbench,3.7.1.v20120104-1859,"",1476243321974
activated,workbench,org.eclipse.ui.workbench,3.7.1.v20120104-1859,"",1476243348654
executed,command,org.eclipse.ui,3.7.0.v20110928-1505,"org.eclipse.ui.edit.paste",1476243352045
executed,command,org.eclipse.ui.ide,3.7.0.v20110928-1505,"org.eclipse.jdt.ui.edit.text.java.correction.assist.proposals",1476243360414
deactivated,workbench,org.eclipse.ui.workbench,3.7.1.v20120104-1859,"",1476243361426
activated,workbench,org.eclipse.ui.workbench,3.7.1.v20120104-1859,"",1476243363333
executed,command,org.eclipse.ui.ide,3.7.0.v20110928-1505,"org.eclipse.jdt.ui.edit.text.java.correction.assist.proposals",1476243370702
deactivated,workbench,org.eclipse.ui.workbench,3.7.1.v20120104-1859,"",1476243372467
activated,workbench,org.eclipse.ui.workbench,3.7.1.v20120104-1859,"",1476243373887
executed,command,org.eclipse.ui.ide,3.7.0.v20110928-1505,"org.eclipse.jdt.ui.edit.text.java.correction.assist.proposals",1476243380635
deactivated,workbench,org.eclipse.ui.workbench,3.7.1.v20120104-1859,"",1476243382225
activated,workbench,org.eclipse.ui.workbench,3.7.1.v20120104-1859,"",1476243383435
executed,command,org.eclipse.ui.ide,3.7.0.v20110928-1505,"org.eclipse.jdt.ui.edit.text.java.correction.assist.proposals",1476243387337
deactivated,workbench,org.eclipse.ui.workbench,3.7.1.v20120104-1859,"",1476243388656
activated,workbench,org.eclipse.ui.workbench,3.7.1.v20120104-1859,"",1476243389600
executed,command,org.eclipse.ui.ide,3.7.0.v20110928-1505,"org.eclipse.jdt.ui.edit.text.java.correction.assist.proposals",1476243392004
deactivated,workbench,org.eclipse.ui.workbench,3.7.1.v20120104-1859,"",1476243393911
activated,workbench,org.eclipse.ui.workbench,3.7.1.v20120104-1859,"",1476243394865
executed,command,org.eclipse.ui.ide,3.7.0.v20110928-1505,"org.eclipse.jdt.ui.edit.text.java.correction.assist.proposals",1476243397105
deactivated,workbench,org.eclipse.ui.workbench,3.7.1.v20120104-1859,"",1476243397871
activated,workbench,org.eclipse.ui.workbench,3.7.1.v20120104-1859,"",1476243398943
executed,command,org.eclipse.ui.ide,3.7.0.v20110928-1505,"org.eclipse.jdt.ui.edit.text.java.correction.assist.proposals",1476243402854
deactivated,workbench,org.eclipse.ui.workbench,3.7.1.v20120104-1859,"",1476243404144
activated,workbench,org.eclipse.ui.workbench,3.7.1.v20120104-1859,"",1476243406057
executed,command,org.eclipse.ui.ide,3.7.0.v20110928-1505,"org.eclipse.jdt.ui.edit.text.java.correction.assist.proposals",1476243410835
deactivated,workbench,org.eclipse.ui.workbench,3.7.1.v20120104-1859,"",1476243411728
activated,workbench,org.eclipse.ui.workbench,3.7.1.v20120104-1859,"",1476243412604
executed,command,org.eclipse.ui.ide,3.7.0.v20110928-1505,"org.eclipse.jdt.ui.edit.text.java.correction.assist.proposals",1476243415140
deactivated,workbench,org.eclipse.ui.workbench,3.7.1.v20120104-1859,"",1476243417152
activated,workbench,org.eclipse.ui.workbench,3.7.1.v20120104-1859,"",1476243418220
executed,command,org.eclipse.ui.ide,3.7.0.v20110928-1505,"org.eclipse.jdt.ui.edit.text.java.correction.assist.proposals",1476243421926
deactivated,workbench,org.eclipse.ui.workbench,3.7.1.v20120104-1859,"",1476243424752
activated,workbench,org.eclipse.ui.workbench,3.7.1.v20120104-1859,"",1476243426154
executed,command,org.eclipse.ui,3.7.0.v20110928-1505,"org.eclipse.ui.file.save",1476243466827
activated,editor,org.eclipse.wst.xml.ui,1.1.202.v201112071516,"org.eclipse.wst.xml.ui.internal.tabletree.XMLMultiPageEditorPart",1476243569681
activated,editor,org.eclipse.jdt.ui,3.7.2.v20120109-1427,"org.eclipse.jdt.ui.CompilationUnitEditor",1476243576600
executed,command,org.eclipse.ui,3.7.0.v20110928-1505,"org.eclipse.ui.file.save",1476243595635
deactivated,workbench,org.eclipse.ui.workbench,3.7.1.v20120104-1859,"",1476243625873
activated,workbench,org.eclipse.ui.workbench,3.7.1.v20120104-1859,"",1476243659239
activated,view,org.eclipse.ui.navigator.resources,3.4.300.v20110928-1505,"org.eclipse.ui.navigator.ProjectExplorer",1476243661811
deactivated,workbench,org.eclipse.ui.workbench,3.7.1.v20120104-1859,"",1476243665072
activated,workbench,org.eclipse.ui.workbench,3.7.1.v20120104-1859,"",1476243671200
